serial;mandant
41WY890;202320132
41WZ121;202320132
41WZ122;202320132
41WZ123;202320132
41WZ124;202320132
41WZ125;202320132
41WZ129;202320132
41WZ130;202320132
41WZ131;202320132
41WZ132;202320132
41WZ133;202320132
41WZ134;202320132
41WZ150;202320132
41WZ151;202320132
41WZ185;202320132
41WZ187;202320132
41WZ188;202320132
41WZ193;202320132
41WZ194;202320132
41WZ197;202320132
41WZ198;202320132
41WZ199;202320132
41WZ200;202320132
41WZ201;202320132
41WZ237;202320132
41WZ260;202320132
41WZ261;202320132
41WZ262;202320132
41WZ263;202320132
41WZ264;202320132
41WZ265;202320132
41WZ266;202320132
41WZ267;202320132
41WZ268;202320132
41WZ269;202320132
41WZ270;202320132
41WZ271;202320132
41WZ272;202320132
41WZ273;202320132
41WZ274;202320132
41WZ275;202320132
41WZ276;202320132
41WZ277;202320132
41WZ278;202320132
41WZ279;202320132
41WZ280;202320132
41WZ281;202320132
41WZ282;202320132
41WZ283;202320132
41WZ285;202320132
41WZ287;202320132
41WZ288;202320132
41WZ291;202320132
41WZ292;202320132
41WZ293;202320132
41WZ299;202320132
41WZ304;202320132
41WZ305;202320132
41WZ307;202320132
41XA703;202320132
41XA720;202320132
41XA724;202320132
41XA736;202320132
41XA737;202320132
41XA738;202320132
41XA739;202320132
41XA747;202320132
41XA749;202320132
41XA750;202320132
41XA751;202320132
41XA752;202320132
41XA755;202320132
41XA758;202320132
41XA760;202320132
41XA761;202320132
41XA762;202320132
41XA764;202320132
41XA765;202320132
41XA767;202320132
41XA768;202320132
41XA769;202320132
41XA770;202320132
41XA771;202320132
41XA773;202320132
41XA774;202320132
41XA775;202320132
41XA776;202320132
41XA777;202320132
41XA778;202320132
41XA779;202320132
41XA781;202320132
41XA782;202320132
41XA786;202320132
41XA787;202320132
41XA788;202320132
41XA790;202320132
41XA792;202320132
41XA793;202320132
41XA794;202320132
41XA796;202320132
41XA799;202320132
41XA801;202320132
41XA806;202320132
41XA809;202320132
41XA810;202320132
41XA811;202320132
41XA812;202320132
41XA813;202320132
41XA814;202320132
41XA815;202320132
41XA816;202320132
41XA817;202320132
41XA818;202320132
41XA819;202320132
41XA820;202320132
41XA821;202320132
41XA822;202320132
41XA824;202320132
41XA825;202320132
41XA826;202320132
41XA827;202320132
41XA828;202320132
41XA829;202320132
41XA830;202320132
41XA831;202320132
41XA832;202320132
41XA833;202320132
41XA834;202320132
41XA835;202320132
41XA836;202320132
41XA837;202320132
41XA838;202320132
41XA839;202320132
41XA840;202320132
41XA841;202320132
41XA842;202320132
41XA843;202320132
41XA845;202320132
41XA846;202320132
41XA847;202320132
41XA848;202320132
41XA849;202320132
41XA850;202320132
41XA851;202320132
41XA852;202320132
41XA853;202320132
41XA854;202320132
41XA856;202320132
41XA857;202320132
41XA858;202320132
41XA859;202320132
41XA861;202320132
41XA864;202320132
41XA865;202320132
41XA866;202320132
41XA867;202320132
41XA869;202320132
41XA870;202320132
41XA871;202320132
41XA872;202320132
41XA873;202320132
41XA874;202320132
41XA875;202320132
41XA876;202320132
41XA877;202320132
41XA878;202320132
41XA879;202320132
41XA881;202320132
41XA882;202320132
41XA883;202320132
41XA884;202320132
41XA885;202320132
41XA886;202320132
41XA887;202320132
41XA888;202320132
41XA889;202320132
41XA890;202320132
41XA891;202320132
41XA892;202320132
41XA893;202320132
41XA894;202320132
41XA895;202320132
41XA896;202320132
41XA897;202320132
41XA898;202320132
41XA899;202320132
41XA900;202320132
41XA903;202320132
41XA905;202320132
41XA906;202320132
41XA908;202320132
41XA909;202320132
41XA913;202320132
41XA921;202320132
41XA922;202320132
41XA923;202320132
41XA924;202320132
41XA926;202320132
41XA928;202320132
41XF295;202320132
41XF797;202320132
41XF809;202320132
41XG149;202320132
41XG189;202320132
41XG205;202320132
41XG206;202320132
41XG218;202320132
41XG219;202320132
41XG233;202320132
41XG238;202320132
41XG239;202320132
41XG241;202320132
41XG244;202320132
41XG247;202320132
41XG248;202320132
41XG249;202320132
41XG250;202320132
41XG251;202320132
41XG252;202320132
41XG255;202320132
41XG258;202320132
41XG259;202320132
41XG260;202320132
41XG261;202320132
41XG262;202320132
41XG263;202320132
41XG264;202320132
41XG265;202320132
41XG266;202320132
41XG268;202320132
41XG269;202320132
41XG270;202320132
41XG271;202320132
41XG272;202320132
41XG273;202320132
41XG274;202320132
41XG275;202320132
41XG276;202320132
41XG277;202320132
41XG279;202320132
41XG280;202320132
41XG281;202320132
41XG282;202320132
41XG283;202320132
41XG284;202320132
41XG285;202320132
41XG286;202320132
41XG287;202320132
41XG288;202320132
41XG289;202320132
41XG290;202320132
41XG291;202320132
41XG292;202320132
41XG293;202320132
41XG295;202320132
41XG296;202320132
41XG298;202320132
41XG300;202320132
41XG301;202320132
41XG302;202320132
41XG303;202320132
41XG304;202320132
41XG305;202320132
41XG308;202320132
41XG309;202320132
41XG310;202320132
41XG312;202320132
41XG313;202320132
41XG315;202320132
41XG321;202320132
41XG322;202320132
41XG332;202320132
41XG355;202320132
41XG371;202320132
41XG374;202320132
41XG378;202320132
41XG380;202320132
41XG382;202320132
41XG383;202320132
41XG384;202320132
41XG385;202320132
41XG386;202320132
41XG387;202320132
41XG388;202320132
41XG389;202320132
41XG391;202320132
41XG392;202320132
41XG393;202320132
41XG395;202320132
41XG396;202320132
41XG397;202320132
41XG398;202320132
41XG401;202320132
41XG402;202320132
41XG403;202320132
41XG404;202320132
41XG405;202320132
41XG406;202320132
41XG407;202320132
41XG410;202320132
41XG411;202320132
41XG412;202320132
41XG413;202320132
41XG414;202320132
41XG415;202320132
41XG416;202320132
41XG417;202320132
41XG419;202320132
41XG420;202320132
41XG421;202320132
41XG425;202320132
41XG426;202320132
41XG429;202320132
41XG436;202320132
41XG438;202320132
41XG439;202320132
41XG440;202320132
41XG441;202320132
41XG442;202320132
41XG444;202320132
41XG445;202320132
41XG446;202320132
41XG447;202320132
41XG448;202320132
41XG449;202320132
41XG450;202320132
41XG451;202320132
41XG452;202320132
41XG454;202320132
41XG456;202320132
41XG461;202320132
41XG462;202320132
41XG466;202320132
41XG467;202320132
41XG514;202320132
41XG657;202320132
41XG673;202320132
41XG828;202320132
41XH088;202320132
41XH177;202320132
41XH189;202320132
41XH190;202320132
41XH194;202320132
41XH195;202320132
41XH196;202320132
41XH197;202320132
41XH198;202320132
41XH199;202320132
41XH200;202320132
41XH203;202320132
41XH204;202320132
41XH205;202320132
41XH207;202320132
41XH209;202320132
41XH210;202320132
41XH211;202320132
41XH212;202320132
41XH213;202320132
41XH215;202320132
41XH216;202320132
41XH217;202320132
41XH218;202320132
41XH219;202320132
41XH221;202320132
41XH222;202320132
41XH223;202320132
41XH225;202320132
41XH226;202320132
41XH227;202320132
41XH228;202320132
41XH229;202320132
41XH230;202320132
41XH231;202320132
41XH232;202320132
41XH233;202320132
41XH235;202320132
41XH239;202320132
41XH241;202320132
41XH245;202320132
41XH246;202320132
41XH248;202320132
41XH249;202320132
41XH250;202320132
41XH251;202320132
41XH253;202320132
41XH254;202320132
41XH255;202320132
41XH256;202320132
41XH257;202320132
41XH258;202320132
41XH260;202320132
41XH261;202320132
41XH262;202320132
41XH263;202320132
41XH265;202320132
41XH267;202320132
41XH269;202320132
41XH275;202320132
41XG016;202320132
41XG039;202320132
41XG087;202320132
41XG143;202320132
41XG182;202320132
41XG294;202320132
41XG299;202320132
41XG311;202320132
41XG314;202320132
41XG316;202320132
41XG317;202320132
41XG318;202320132
41XG319;202320132
41XG320;202320132
41XG323;202320132
41XG324;202320132
41XG325;202320132
41XG326;202320132
41XG327;202320132
41XG328;202320132
41XG329;202320132
41XG330;202320132
41XG331;202320132
41XG333;202320132
41XG334;202320132
41XG335;202320132
41XG336;202320132
41XG338;202320132
41XG340;202320132
41XG341;202320132
41XG342;202320132
41XG343;202320132
41XG344;202320132
41XG345;202320132
41XG346;202320132
41XG347;202320132
41XG348;202320132
41XG349;202320132
41XG350;202320132
41XG351;202320132
41XG352;202320132
41XG353;202320132
41XG354;202320132
41XG356;202320132
41XG357;202320132
41XG358;202320132
41XG359;202320132
41XG360;202320132
41XG361;202320132
41XG362;202320132
41XG363;202320132
41XG364;202320132
41XG365;202320132
41XG366;202320132
41XG367;202320132
41XG368;202320132
41XG370;202320132
41XG372;202320132
41XG373;202320132
41XG375;202320132
41XG377;202320132
41XG379;202320132
41XG381;202320132
41XG390;202320132
41XG427;202320132
41XG505;202320132
41XG676;202320132
41XG867;202320132
41XG877;202320132
41XG946;202320132
41XG989;202320132
41XH007;202320132
41XH008;202320132
41XH027;202320132
41XH033;202320132
41XH034;202320132
41XH037;202320132
41XH039;202320132
41XH040;202320132
41XH042;202320132
41XH043;202320132
41XH046;202320132
41XH047;202320132
41XH048;202320132
41XH050;202320132
41XH054;202320132
41XH057;202320132
41XH058;202320132
41XH066;202320132
41XH068;202320132
41XH069;202320132
41XH070;202320132
41XH071;202320132
41XH072;202320132
41XH073;202320132
41XH074;202320132
41XH076;202320132
41XH077;202320132
41XH079;202320132
41XH080;202320132
41XH081;202320132
41XH082;202320132
41XH084;202320132
41XH085;202320132
41XH086;202320132
41XH089;202320132
41XH090;202320132
41XH091;202320132
41XH092;202320132
41XH093;202320132
41XH094;202320132
41XH095;202320132
41XH100;202320132
41XH101;202320132
41XH108;202320132
41XH109;202320132
41XH110;202320132
41XH112;202320132
41XH113;202320132
41XH114;202320132
41XH115;202320132
41XH116;202320132
41XH117;202320132
41XH118;202320132
41XH119;202320132
41XH126;202320132
41XH127;202320132
41XH128;202320132
41XC584;202320133
41XC585;202320133
41XC586;202320133
41XC587;202320133
41XC588;202320133
41XC589;202320133
41XC592;202320133
41XC593;202320133
41XC594;202320133
41XC597;202320133
41XC598;202320133
41XC599;202320133
41XC600;202320133
41XC602;202320133
41XC605;202320133
41XC607;202320133
41XC608;202320133
41XC609;202320133
41XC610;202320133
41XC613;202320133
41XC617;202320133
41XC618;202320133
41XC635;202320133
41XC637;202320133
41XC638;202320133
41XC639;202320133
41XC641;202320133
41XC643;202320133
41XC646;202320133
41XC648;202320133
41XC649;202320133
41XC650;202320133
41XC651;202320133
41XC654;202320133
41XC655;202320133
41XC656;202320133
41XC657;202320133
41XC658;202320133
41XC659;202320133
41XC662;202320133
41XC666;202320133
41XF635;202320133
41XG012;202320133
41XG097;202320133
41XG098;202320133
41XG118;202320133
41XG133;202320133
41XG158;202320133
41XG161;202320133
41XG224;202320133
41XG267;202320133
41XG278;202320133
41XG297;202320133
41XG306;202320133
41XG337;202320133
41XG376;202320133
41XG394;202320133
41XG399;202320133
41XG408;202320133
41XG422;202320133
41XG428;202320133
41XG430;202320133
41XG432;202320133
41XG433;202320133
41XG434;202320133
41XG435;202320133
41XG437;202320133
41XG453;202320133
41XG455;202320133
41XG457;202320133
41XG458;202320133
41XG459;202320133
41XG460;202320133
41XG463;202320133
41XG464;202320133
41XG465;202320133
41XG468;202320133
41XG469;202320133
41XG470;202320133
41XG472;202320133
41XG473;202320133
41XG474;202320133
41XG475;202320133
41XG476;202320133
41XG477;202320133
41XG478;202320133
41XG480;202320133
41XG481;202320133
41XG485;202320133
41XG486;202320133
41XG488;202320133
41XG490;202320133
41XG491;202320133
41XG492;202320133
41XG493;202320133
41XG494;202320133
41XG498;202320133
41XG499;202320133
41XG502;202320133
41XG503;202320133
41XG504;202320133
41XG506;202320133
41XG507;202320133
41XG509;202320133
41XG510;202320133
41XG511;202320133
41XG513;202320133
41XG516;202320133
41XG517;202320133
41XG519;202320133
41XG520;202320133
41XG522;202320133
41XG523;202320133
41XG525;202320133
41XG526;202320133
41XG527;202320133
41XG528;202320133
41XG529;202320133
41XG530;202320133
41XG532;202320133
41XG534;202320133
41XG535;202320133
41XG536;202320133
41XG542;202320133
41XG799;202320133
41XG931;202320133
41XG934;202320133
41XG997;202320133
41XH014;202320133
41XH019;202320133
41XH061;202320133
41XH062;202320133
41XH063;202320133
41XH087;202320133
41XH097;202320133
41XH098;202320133
41XH099;202320133
41XH102;202320133
41XH103;202320133
41XH104;202320133
41XH105;202320133
41XH106;202320133
41XH107;202320133
41XH111;202320133
41XH120;202320133
41XH121;202320133
41XH122;202320133
41XH123;202320133
41XH125;202320133
41XH129;202320133
41XH130;202320133
41XH131;202320133
41XH132;202320133
41XH133;202320133
41XH134;202320133
41XH136;202320133
41XH137;202320133
41XH138;202320133
41XH139;202320133
41XH141;202320133
41XH142;202320133
41XH143;202320133
41XH147;202320133
41XH148;202320133
41XH149;202320133
41XH150;202320133
41XH151;202320133
41XH153;202320133
41XH155;202320133
41XH156;202320133
41XH157;202320133
41XH158;202320133
41XH160;202320133
41XH161;202320133
41XH163;202320133
41XH164;202320133
41XH165;202320133
41XH166;202320133
41XH167;202320133
41XH168;202320133
41XH169;202320133
41XH171;202320133
41XH172;202320133
41XH174;202320133
41XH175;202320133
41XH176;202320133
41XH178;202320133
41XH179;202320133
41XH180;202320133
41XH182;202320133
41XH183;202320133
41XH184;202320133
41XH185;202320133
41XH186;202320133
41XH187;202320133
41XH188;202320133
41XH191;202320133
41XH202;202320133
41XH206;202320133
41XC864;202320133
41XC867;202320133
41XC879;202320133
41XC880;202320133
41XC884;202320133
41XC885;202320133
41XC886;202320133
41XC887;202320133
41XC888;202320133
41XC889;202320133
41XC891;202320133
41XC892;202320133
41XC893;202320133
41XC894;202320133
41XC895;202320133
41XC896;202320133
41XC897;202320133
41XC898;202320133
41XC900;202320133
41XC901;202320133
41XC902;202320133
41XC903;202320133
41XC904;202320133
41XC905;202320133
41XC906;202320133
41XC907;202320133
41XC908;202320133
41XC909;202320133
41XC911;202320133
41XC918;202320133
41XC919;202320133
41XC920;202320133
41XC922;202320133
41XC923;202320133
41XC924;202320133
41XC925;202320133
41XC926;202320133
41XC927;202320133
41XC928;202320133
41XC929;202320133
41XC930;202320133
41XC931;202320133
41XC932;202320133
41XC933;202320133
41XC935;202320133
41XC936;202320133
41XC937;202320133
41XC940;202320133
41XC941;202320133
41XC942;202320133
41XC943;202320133
41XC944;202320133
41XC950;202320133
41XC955;202320133
41XC961;202320133
41XC967;202320133
41XC972;202320133
41XC912;202320134
41XC914;202320134
41XC915;202320134
41XC916;202320134
41XC917;202320134
41XC939;202320134
41XC946;202320134
41XC948;202320134
41XC949;202320134
41XC951;202320134
41XC952;202320134
41XC957;202320134
41XC960;202320134
41XC962;202320134
41XC963;202320134
41XC964;202320134
41XC965;202320134
41XC968;202320134
41XC969;202320134
41XC970;202320134
41XC971;202320134
41XC973;202320134
41XC974;202320134
41XF998;202320134
41XF999;202320134
41XG001;202320134
41XG002;202320134
41XG003;202320134
41XG019;202320134
41XG020;202320134
41XG021;202320134
41XG023;202320134
41XG024;202320134
41XG026;202320134
41XG027;202320134
41XG028;202320134
41XG031;202320134
41XG034;202320134
41XG045;202320134
41XG051;202320134
41XG053;202320134
41XG054;202320134
41XG055;202320134
41XG056;202320134
41XG057;202320134
41XG061;202320134
41XG062;202320134
41XG063;202320134
41XG064;202320134
41XG067;202320134
41XG069;202320134
41XG070;202320134
41XG075;202320134
41XG076;202320134
41XG077;202320134
41XG000;202320135
41XG008;202320135
41XG014;202320135
41XG015;202320135
41XG017;202320135
41XG018;202320135
41XG022;202320135
41XG025;202320135
41XG029;202320135
41XG030;202320135
41XG032;202320135
41XG033;202320135
41XG037;202320135
41XG044;202320135
41XG046;202320135
41XG047;202320135
41XG049;202320135
41XG052;202320135
41XG058;202320135
41XG059;202320135
41XG060;202320135
41XG065;202320135
41XG066;202320135
41XG068;202320135
41XG071;202320135
41XG072;202320135
41XG073;202320135
41XG074;202320135
41XG079;202320135
41XG080;202320135
41XG088;202320135
41XG091;202320135
41XG225;202320135
41XG226;202320135
41XG227;202320135
41XG235;202320135
41XG242;202320135
41XG243;202320135
41XG245;202320135
41XG246;202320135
41XG253;202320135
41XG254;202320135
41XG257;202320135
41B6259;202320132
41B6260;202320132
41B6261;202320132
41B6262;202320132
41B6263;202320132
41B6264;202320132
41B6265;202320132
41B6266;202320132
41B6267;202320132
41B6268;202320132
41B6270;202320132
41B6271;202320132
41B6273;202320132
41B6274;202320132
41B6275;202320132
41B6277;202320132
41B6278;202320132
41B6279;202320132
41B6280;202320132
41B6282;202320132
41B6284;202320132
41B6285;202320132
41B6287;202320132
41B6288;202320132
41B6290;202320132
41B6291;202320132
41B6292;202320132
41B6293;202320132
41B6294;202320132
41B6295;202320132
41B6296;202320132
41B6297;202320132
41B6298;202320132
41B6299;202320132
41B6300;202320132
41B6301;202320132
41B6302;202320132
41B6303;202320132
41B6304;202320132
41B6305;202320132
41B6306;202320132
41B6307;202320132
41B6308;202320132
41B6309;202320132
41B6310;202320132
41B6311;202320132
41B6312;202320132
41B6313;202320132
41B6314;202320132
41B6315;202320132
41B6316;202320132
41B6317;202320132
41B6318;202320132
41B6319;202320132
41B6320;202320132
41B6321;202320132
41B6322;202320132
41B6323;202320132
41B6324;202320132
41B6325;202320132
41B6326;202320132
41B6327;202320132
41B6329;202320132
41B6331;202320132
41B6332;202320132
41B6333;202320132
41B6335;202320132
41B6336;202320132
41B6337;202320132
41B7018;202320132
41B7019;202320132
41B7027;202320132
41B7034;202320132
41B7037;202320132
41B7042;202320132
41B7045;202320132
41B7052;202320132
41B7060;202320132
41B7073;202320132
41B7095;202320132
41B7104;202320132
41B7105;202320132
41B7109;202320132
41B7111;202320132
41B7112;202320132
41B7273;202320132
41B7274;202320132
41B7558;202320132
41B7559;202320132
41B7560;202320132
41B7561;202320132
41B7563;202320132
41B7564;202320132
41B7574;202320132
41B7579;202320132
41B7580;202320132
41B7581;202320132
41B7583;202320132
41B7584;202320132
41B7595;202320132
41B7607;202320132
41B7608;202320132
41B7609;202320132
41B7612;202320132
41B7615;202320132
41B7620;202320132
41B7624;202320132
41B7644;202320132
41B8119;202320132
41B8120;202320132
41B8121;202320132
41B8122;202320132
41B8123;202320132
41B8124;202320132
41B8125;202320132
41B8127;202320132
41B8128;202320132
41B8129;202320132
41B8130;202320132
41B8131;202320132
41B8133;202320132
41B8135;202320132
41B8136;202320132
41B8137;202320132
41B8139;202320132
41B8143;202320132
41B8158;202320132
41B8159;202320132
41B8160;202320132
41B8169;202320132
41B8173;202320132
41B8174;202320132
41B8185;202320132
41B8186;202320132
41B8190;202320132
41B8192;202320132
41B8195;202320132
41B8197;202320132
41B8200;202320132
41B8204;202320132
41B8220;202320132
41B8229;202320132
41B8237;202320132
41B8238;202320132
41B8239;202320132
41B8242;202320132
41B8247;202320132
41B8252;202320132
41B8256;202320132
41B8264;202320132
41B8267;202320132
41B8268;202320132
41B8269;202320132
41B8277;202320132
41B8286;202320132
41B8288;202320132
41B8290;202320132
41B8291;202320132
41B8294;202320132
41B8295;202320132
41B8297;202320132
41B8298;202320132
41B8302;202320132
41B8303;202320132
41B8307;202320132
41B8315;202320132
41B8318;202320132
41B8323;202320132
41B8326;202320132
41B8327;202320132
41B8333;202320132
41B8335;202320132
41B8342;202320132
41B8354;202320132
41B8364;202320132
41B8365;202320132
41B8368;202320132
41B8375;202320132
41B8381;202320132
41B8383;202320132
41B8389;202320132
41B8391;202320132
41B8398;202320132
41B8401;202320132
41B8403;202320132
41B8404;202320132
41B8407;202320132
41B8409;202320132
41B8420;202320132
41B8422;202320132
41B8434;202320132
41B8442;202320132
41B8462;202320132
41B8464;202320132
41B8467;202320132
41B8471;202320132
41B8482;202320132
41B8483;202320132
41B8496;202320132
41B7015;202320132
41B7016;202320132
41B7017;202320132
41B7028;202320132
41B7029;202320132
41B7036;202320132
41B7039;202320132
41B7041;202320132
41B7046;202320132
41B7047;202320132
41B7048;202320132
41B7050;202320132
41B7053;202320132
41B7056;202320132
41B7057;202320132
41B7059;202320132
41B7061;202320132
41B7062;202320132
41B7063;202320132
41B7064;202320132
41B7065;202320132
41B7066;202320132
41B7067;202320132
41B7068;202320132
41B7069;202320132
41B7070;202320132
41B7071;202320132
41B7080;202320132
41B7082;202320132
41B7083;202320132
41B7086;202320132
41B7091;202320132
41B7520;202320132
41B7521;202320132
41B7523;202320132
41B7524;202320132
41B7525;202320132
41B7526;202320132
41B7527;202320132
41B7528;202320132
41B7530;202320132
41B7531;202320132
41B7532;202320132
41B7533;202320132
41B7538;202320132
41B7541;202320132
41B7542;202320132
41B7543;202320132
41B7544;202320132
41B7547;202320132
41B7548;202320132
41B7557;202320132
41B7562;202320132
41B7565;202320132
41B7566;202320132
41B7572;202320132
41B7575;202320132
41B7576;202320132
41B7577;202320132
41B7578;202320132
41B7582;202320132
41B7585;202320132
41B7587;202320132
41B7588;202320132
41B7592;202320132
41B7596;202320132
41B7597;202320132
41B7598;202320132
41B7599;202320132
41B7600;202320132
41B7601;202320132
41B7602;202320132
41B7610;202320132
41B7611;202320132
41B7613;202320132
41B7616;202320132
41B7617;202320132
41B7618;202320132
41B7619;202320132
41B7622;202320132
41B7628;202320132
41B7629;202320132
41B7630;202320132
41B7631;202320132
41B7632;202320132
41B7633;202320132
41B7634;202320132
41B7635;202320132
41B7636;202320132
41B7638;202320132
41B7639;202320132
41B7640;202320132
41B7641;202320132
41B7642;202320132
41B7643;202320132
41B7645;202320132
41B7646;202320132
41B7647;202320132
41B7648;202320132
41B7649;202320132
41B7650;202320132
41B7651;202320132
41B7654;202320132
41B7655;202320132
41B7656;202320132
41B8118;202320132
41B8152;202320132
41B8154;202320132
41B8164;202320132
41B8176;202320132
41B8180;202320132
41B8193;202320132
41B8194;202320132
41B8202;202320132
41B8206;202320132
41B8207;202320132
41B8211;202320132
41B8231;202320132
41B8243;202320132
41B8261;202320132
41B8296;202320132
41B8320;202320132
41B8341;202320132
41B8344;202320132
41B8355;202320132
41B8359;202320132
41B8367;202320132
41B8370;202320132
41B8371;202320132
41B8384;202320132
41B8388;202320132
41B8396;202320132
41B8399;202320132
41B8400;202320132
41B8428;202320132
41B8447;202320132
41B8452;202320132
41B8461;202320132
41B8470;202320132
41B8475;202320132
41B8478;202320132
41B8485;202320132
41B8487;202320132
41B8494;202320132
41B8525;202320132
41B8544;202320132
41B8551;202320132
41B8567;202320132
41B8575;202320132
41B8576;202320132
41B8582;202320132
41B8583;202320132
41B8593;202320132
41B8594;202320132
41B8595;202320132
41B8600;202320132
41B8603;202320132
41B8605;202320132
41B8606;202320132
41B8614;202320132
41B8622;202320132
41B8623;202320132
41B8625;202320132
41B8631;202320132
41B8632;202320132
41B8638;202320132
41B8645;202320132
41B8654;202320132
41B8661;202320132
41B8662;202320132
41B8664;202320132
41B8665;202320132
41B8671;202320132
41B8674;202320132
41B8675;202320132
41B8681;202320132
41B8684;202320132
41B8689;202320132
41B8690;202320132
41B8691;202320132
41B8692;202320132
41B8693;202320132
41B8707;202320132
41B8708;202320132
41B8709;202320132
41B8717;202320132
41B8719;202320132
41B8725;202320132
41B8728;202320132
41B8731;202320132
41B8734;202320132
41B8737;202320132
41B8739;202320132
41B8740;202320132
41B8745;202320132
41B8748;202320132
41B8753;202320132
41B8757;202320132
41B8766;202320132
41B6283;202320132
41B7529;202320132
41B7534;202320132
41B7537;202320132
41B7540;202320132
41B7545;202320132
41B7546;202320132
41B7550;202320132
41B7551;202320132
41B7554;202320132
41B7555;202320132
41B7556;202320132
41B7567;202320132
41B7571;202320132
41B7586;202320132
41B7589;202320132
41B7590;202320132
41B7593;202320132
41B7594;202320132
41B7652;202320132
41B7653;202320132
41B7657;202320132
41B7658;202320132
41B7659;202320132
41B7661;202320132
41B8145;202320132
41B8148;202320132
41B8149;202320132
41B8150;202320132
41B8151;202320132
41B8167;202320132
41B8168;202320132
41B8170;202320132
41B8178;202320132
41B8184;202320132
41B8205;202320132
41B8209;202320132
41B8213;202320132
41B8215;202320132
41B8219;202320132
41B8223;202320132
41B8230;202320132
41B8234;202320132
41B8248;202320132
41B8259;202320132
41B8260;202320132
41B8265;202320132
41B8266;202320132
41B8271;202320132
41B8282;202320132
41B8283;202320132
41B8313;202320132
41B8328;202320132
41B8331;202320132
41B8345;202320132
41B8347;202320132
41B8348;202320132
41B8349;202320132
41B8352;202320132
41B8357;202320132
41B8372;202320132
41B8377;202320132
41B8378;202320132
41B8379;202320132
41B8380;202320132
41B8397;202320132
41B8408;202320132
41B8413;202320132
41B8421;202320132
41B8430;202320132
41B8432;202320132
41B8437;202320132
41B8441;202320132
41B8460;202320132
41B8463;202320132
41B8465;202320132
41B8469;202320132
41B8476;202320132
41B8481;202320132
41B8486;202320132
41B8491;202320132
41B8495;202320132
41B8499;202320132
41B8500;202320132
41B8501;202320132
41B8503;202320132
41B8504;202320132
41B8505;202320132
41B8508;202320132
41B8509;202320132
41B8511;202320132
41B8512;202320132
41B8516;202320132
41B8518;202320132
41B8520;202320132
41B8521;202320132
41B8523;202320132
41B8526;202320132
41B8528;202320132
41B8530;202320132
41B8531;202320132
41B8537;202320132
41B8538;202320132
41B8541;202320132
41B8545;202320132
41B8546;202320132
41B8569;202320132
41B8571;202320132
41B8580;202320132
41B8588;202320132
41B8592;202320132
41B8611;202320132
41B8612;202320132
41B8629;202320132
41B8636;202320132
41B8643;202320132
41B8666;202320132
41B8670;202320132
41B8699;202320132
41B8715;202320132
41B8727;202320132
41B8730;202320132
41B8733;202320132
41B8751;202320132
41B8758;202320132
41B8760;202320132
41B8761;202320132
41B8762;202320132
41B7549;202320133
41B7552;202320133
41B7553;202320133
41B7569;202320133
41B7573;202320133
41B7591;202320133
41B7603;202320133
41B7604;202320133
41B7605;202320133
41B7614;202320133
41B7621;202320133
41B7623;202320133
41B7625;202320133
41B7626;202320133
41B7627;202320133
41B7637;202320133
41B8115;202320133
41B8116;202320133
41B8117;202320133
41B8126;202320133
41B8134;202320133
41B8140;202320133
41B8146;202320133
41B8155;202320133
41B8156;202320133
41B8157;202320133
41B8161;202320133
41B8162;202320133
41B8181;202320133
41B8188;202320133
41B8189;202320133
41B8191;202320133
41B8196;202320133
41B8198;202320133
41B8199;202320133
41B8208;202320133
41B8212;202320133
41B8216;202320133
41B8221;202320133
41B8222;202320133
41B8224;202320133
41B8226;202320133
41B8227;202320133
41B8232;202320133
41B8233;202320133
41B8241;202320133
41B8244;202320133
41B8245;202320133
41B8246;202320133
41B8249;202320133
41B8253;202320133
41B8255;202320133
41B8263;202320133
41B8273;202320133
41B8279;202320133
41B8280;202320133
41B8281;202320133
41B8284;202320133
41B8285;202320133
41B8287;202320133
41B8292;202320133
41B8300;202320133
41B8306;202320133
41B8309;202320133
41B8310;202320133
41B8312;202320133
41B8316;202320133
41B8322;202320133
41B8324;202320133
41B8336;202320133
41B8338;202320133
41B8339;202320133
41B8346;202320133
41B8350;202320133
41B8353;202320133
41B8356;202320133
41B8358;202320133
41B8361;202320133
41B8363;202320133
41B8366;202320133
41B8369;202320133
41B8374;202320133
41B8376;202320133
41B8393;202320133
41B8394;202320133
41B8395;202320133
41B8411;202320133
41B8416;202320133
41B8419;202320133
41B8423;202320133
41B8425;202320133
41B8429;202320133
41B8435;202320133
41B8439;202320133
41B8444;202320133
41B8445;202320133
41B8448;202320133
41B8453;202320133
41B8458;202320133
41B8466;202320133
41B8474;202320133
41B8488;202320133
41B8490;202320133
41B8492;202320133
41B8493;202320133
41B8502;202320133
41B8506;202320133
41B8507;202320133
41B8513;202320133
41B8514;202320133
41B8515;202320133
41B8524;202320133
41B8527;202320133
41B8529;202320133
41B8532;202320133
41B8533;202320133
41B8535;202320133
41B8536;202320133
41B8539;202320133
41B8540;202320133
41B8542;202320133
41B8543;202320133
41B8547;202320133
41B8549;202320133
41B8550;202320133
41B8552;202320133
41B8570;202320133
41B8572;202320133
41B8577;202320133
41B8578;202320133
41B8579;202320133
41B8581;202320133
41B8584;202320133
41B8585;202320133
41B8589;202320133
41B8591;202320133
41B8596;202320133
41B8598;202320133
41B8601;202320133
41B8604;202320133
41B8607;202320133
41B8615;202320133
41B8616;202320133
41B8617;202320133
41B8621;202320133
41B8628;202320133
41B8630;202320133
41B8633;202320133
41B8634;202320133
41B8635;202320133
41B8637;202320133
41B8640;202320133
41B8641;202320133
41B8642;202320133
41B8644;202320133
41B8649;202320133
41B8651;202320133
41B8655;202320133
41B8656;202320133
41B8659;202320133
41B8663;202320133
41B8677;202320133
41B8678;202320133
41B8679;202320133
41B8680;202320133
41B8682;202320133
41B8683;202320133
41B8685;202320133
41B8686;202320133
41B8687;202320133
41B8695;202320133
41B8696;202320133
41B8697;202320133
41B8698;202320133
41B8700;202320133
41B8701;202320133
41B8702;202320133
41B8703;202320133
41B8704;202320133
41B8706;202320133
41B8710;202320133
41B8711;202320133
41B8714;202320133
41B8718;202320133
41B8720;202320133
41B8723;202320133
41B8724;202320133
41B8726;202320133
41B8735;202320133
41B8736;202320133
41B8738;202320133
41B8742;202320133
41B8746;202320133
41B8749;202320133
41B8750;202320133
41B8752;202320133
41B8754;202320133
41B8759;202320133
41B8764;202320133
41B7522;202320133
41B7535;202320133
41B7536;202320133
41B7539;202320133
41B7568;202320133
41B7570;202320133
41B7606;202320133
41B8142;202320133
41B8171;202320133
41B8177;202320133
41B8179;202320133
41B8214;202320133
41B8217;202320133
41B8228;202320133
41B8251;202320133
41B8257;202320133
41B8272;202320133
41B8314;202320133
41B8319;202320133
41B8325;202320133
41B8330;202320133
41B8343;202320133
41B8386;202320133
41B8387;202320133
41B8392;202320133
41B8418;202320133
41B8424;202320133
41B8426;202320133
41B8427;202320133
41B8431;202320133
41B8436;202320133
41B8438;202320133
41B8456;202320133
41B8472;202320133
41B8477;202320133
41B8510;202320133
41B8517;202320133
41B8519;202320133
41B8522;202320133
41B8534;202320133
41B8553;202320133
41B8554;202320133
41B8568;202320133
41B8573;202320133
41B8574;202320133
41B8586;202320133
41B8619;202320133
41B8620;202320133
41B8624;202320133
41B8648;202320133
41B8650;202320133
41B8660;202320133
41B8667;202320133
41B8673;202320133
41B8705;202320133
41B8713;202320133
41B8756;202320133
41B6269;202320134
41B6272;202320134
41B6276;202320134
41B6281;202320134
41B6286;202320134
41B6289;202320134
41B6328;202320134
41B6330;202320134
41B6334;202320134
41B6338;202320134
41B6339;202320134
41B7021;202320134
41B7022;202320134
41B7023;202320134
41B7024;202320134
41B7025;202320134
41B7031;202320134
41B7032;202320134
41B7040;202320134
41B7043;202320134
41B7044;202320134
41B7049;202320134
41B7058;202320134
41B7090;202320134
41B7100;202320134
41B7101;202320134
41B8175;202320134
41B8218;202320134
41B8321;202320134
41B8334;202320134
41B8360;202320134
41B8373;202320134
41B8402;202320134
41B8405;202320134
41B8443;202320134
41B8446;202320134
41B8449;202320134
41B8451;202320134
41B8454;202320134
41B8455;202320134
41B8473;202320134
41B8489;202320134
41B8548;202320134
41B8590;202320134
41B8597;202320134
41B8610;202320134
41B8613;202320134
41B8639;202320134
41B8646;202320134
41B8653;202320134
41B8669;202320134
41B8712;202320134
41B8721;202320134
41B8732;202320134
41B8743;202320134
41B7660;202320135
41B8172;202320135
41B8201;202320135
41B8203;202320135
41B8210;202320135
41B8235;202320135
41B8236;202320135
41B8240;202320135
41B8258;202320135
41B8262;202320135
41B8275;202320135
41B8276;202320135
41B8301;202320135
41B8308;202320135
41B8337;202320135
41B8385;202320135
41B8410;202320135
41B8414;202320135
41B8415;202320135
41B8417;202320135
41B8450;202320135
41B8457;202320135
41B8468;202320135
41B8484;202320135
41B8602;202320135
41B8608;202320135
41B8609;202320135
41B8647;202320135
41B8652;202320135
41B8658;202320135
41B8668;202320135
41B8672;202320135
41B8676;202320135
41B8688;202320135
41B8694;202320135
41B8722;202320135
41B8729;202320135
41B8741;202320135
41B8744;202320135
41B8747;202320135
41B8755;202320135
41B8763;202320135
41B8765;202320135
M365NMCE0029;202310132
M365NMCE0030;202310132
M365NMCE0031;202310132
M365NMCE0032;202310132
M365NMCE0033;202310132
M365NMCE0034;202310132
M365NMCE0035;202310132
M365NMCE0036;202310132
M365NMCE0101;202310132
M365NMCE0102;202310132
M365NMCE0103;202310132
M365NMCE0104;202310132
M365NMCE0105;202310132
M365NMCE0106;202310132
M365NMCE0107;202310132
M365NMCE0108;202310132
M365NMCE0133;202310132
M365NMCE0134;202310132
M365NMCE0135;202310132
M365NMCE0136;202310132
M365NMCE0137;202310132
M365NMCE0138;202310132
M365NMCE0139;202310132
M365NMCE0140;202310132
M365NMCE0149;202310132
M365NMCE0173;202310132
M365NMCE0174;202310132
M365NMCE0175;202310132
M365NMCE0176;202310132
M365NMCE0177;202310132
M365NMCE0178;202310132
M365NMCE0179;202310132
M365NMCE0180;202310132
M365NMCE0181;202310132
M365NMCE0182;202310132
M365NMCE0183;202310132
M365NMCE0184;202310132
M365NMCE0185;202310132
M365NMCE0186;202310132
M365NMCE0187;202310132
M365NMCE0188;202310132
M365NMCE0349;202310132
M365NMCE0350;202310132
M365NMCE0351;202310132
M365NMCE0352;202310132
M365NMCE0353;202310132
M365NMCE0354;202310132
M365NMCE0355;202310132
M365NMCE0356;202310132
M365NMCE0357;202310132
M365NMCE0358;202310132
M365NMCE0359;202310132
M365NMCE0360;202310132
M365NMCE0361;202310132
M365NMCE0362;202310132
M365NMCE0363;202310132
M365NMCE0364;202310132
M365NMCE0365;202310132
M365NMCE0366;202310132
M365NMCE0367;202310132
M365NMCE0368;202310132
M365NMCE0369;202310132
M365NMCE0370;202310132
M365NMCE0371;202310132
M365NMCE0372;202310132
M365NMCE0373;202310132
M365NMCE0374;202310132
M365NMCE0375;202310132
M365NMCE0376;202310132
M365NMCE0377;202310132
M365NMCE0378;202310132
M365NMCE0379;202310132
M365NMCE0380;202310132
M365NMCE0381;202310132
M365NMCE0382;202310132
M365NMCE0383;202310132
M365NMCE0384;202310132
M365NMCE0385;202310132
M365NMCE0386;202310132
M365NMCE0387;202310132
M365NMCE0388;202310132
M365NMCE0389;202310132
M365NMCE0390;202310132
M365NMCE0391;202310132
M365NMCE0392;202310132
M365NMCE0393;202310132
M365NMCE0394;202310132
M365NMCE0395;202310132
M365NMCE0396;202310132
M365NMCE0397;202310132
M365NMCE0398;202310132
M365NMCE0399;202310132
M365NMCE0400;202310132
M365NMCE0401;202310132
M365NMCE0402;202310132
M365NMCE0403;202310132
M365NMCE0404;202310132
M365NMCE0405;202310132
M365NMCE0406;202310132
M365NMCE0407;202310132
M365NMCE0408;202310132
M365NMCE0409;202310132
M365NMCE0410;202310132
M365NMCE0411;202310132
M365NMCE0412;202310132
M365NMCE0413;202310132
M365NMCE0414;202310132
M365NMCE0415;202310132
M365NMCE0416;202310132
M365NMCE0417;202310132
M365NMCE0418;202310132
M365NMCE0419;202310132
M365NMCE0420;202310132
M365NMCE0421;202310132
M365NMCE0422;202310132
M365NMCE0423;202310132
M365NMCE0424;202310132
M365NMCE0425;202310132
M365NMCE0426;202310132
M365NMCE0427;202310132
M365NMCE0428;202310132
M365NMCE0429;202310132
M365NMCE0430;202310132
M365NMCE0431;202310132
M365NMCE0432;202310132
M365NMCE0433;202310132
M365NMCE0434;202310132
M365NMCE0435;202310132
M365NMCE0436;202310132
M365NMCE0437;202310132
M365NMCE0438;202310132
M365NMCE0439;202310132
M365NMCE0440;202310132
M365NMCE0441;202310132
M365NMCE0442;202310132
M365NMCE0443;202310132
M365NMCE0444;202310132
M365NMCE0445;202310132
M365NMCE0446;202310132
M365NMCE0447;202310132
M365NMCE0448;202310132
M365NMCE0449;202310132
M365NMCE0450;202310132
M365NMCE0451;202310132
M365NMCE0452;202310132
M365NMCE0453;202310132
M365NMCE0454;202310132
M365NMCE0455;202310132
M365NMCE0456;202310132
M365NMCE0457;202310132
M365NMCE0458;202310132
M365NMCE0459;202310132
M365NMCE0460;202310132
M365NMCE0461;202310132
M365NMCE0462;202310132
M365NMCE0463;202310132
M365NMCE0464;202310132
M365NMCE0465;202310132
M365NMCE0466;202310132
M365NMCE0467;202310132
M365NMCE0468;202310132
M365NMCE0469;202310132
M365NMCE0470;202310132
M365NMCE0471;202310132
M365NMCE0472;202310132
M365NMCE0473;202310132
M365NMCE0474;202310132
M365NMCE0475;202310132
M365NMCE0476;202310132
M365NMCE0477;202310132
M365NMCE0478;202310132
M365NMCE0479;202310132
M365NMCE0480;202310132
M365NMCE0481;202310132
M365NMCE0482;202310132
M365NMCE0483;202310132
M365NMCE0484;202310132
M365NMCE0485;202310132
M365NMCE0486;202310132
M365NMCE0487;202310132
M365NMCE0488;202310132
M365NMCE0489;202310132
M365NMCE0490;202310132
M365NMCE0491;202310132
M365NMCE0492;202310132
M365NMCE0493;202310132
M365NMCE0494;202310132
M365NMCE0495;202310132
M365NMCE0496;202310132
M365NMCE0497;202310132
M365NMCE0498;202310132
M365NMCE0499;202310132
M365NMCE0500;202310132
M365NMCE0501;202310132
M365NMCE0502;202310132
M365NMCE0503;202310132
M365NMCE0504;202310132
M365NMCE0505;202310132
M365NMCE0506;202310132
M365NMCE0507;202310132
M365NMCE0508;202310132
M365NMCE0509;202310132
M365NMCE0510;202310132
M365NMCE0511;202310132
M365NMCE0512;202310132
M365NMCE0513;202310132
M365NMCE0514;202310132
M365NMCE0515;202310132
M365NMCE0516;202310132
M365NMCE0517;202310132
M365NMCE0518;202310132
M365NMCE0519;202310132
M365NMCE0520;202310132
M365NMCE0521;202310132
M365NMCE0522;202310132
M365NMCE0523;202310132
M365NMCE0524;202310132
M365NMCE0525;202310132
M365NMCE0526;202310132
M365NMCE0527;202310132
M365NMCE0528;202310132
M365NMCE0529;202310132
M365NMCE0530;202310132
M365NMCE0531;202310132
M365NMCE0532;202310132
M365NMCE0533;202310132
M365NMCE0534;202310132
M365NMCE0535;202310132
M365NMCE0536;202310132
M365NMCE0537;202310132
M365NMCE0538;202310132
M365NMCE0539;202310132
M365NMCE0540;202310132
M365NMCE0541;202310132
M365NMCE0542;202310132
M365NMCE0543;202310132
M365NMCE0544;202310132
M365NMCE0545;202310132
M365NMCE0546;202310132
M365NMCE0547;202310132
M365NMCE0548;202310132
M365NMCE0549;202310132
M365NMCE0550;202310132
M365NMCE0551;202310132
M365NMCE0552;202310132
M365NMCE0553;202310132
M365NMCE0554;202310132
M365NMCE0555;202310132
M365NMCE0556;202310132
M365NMCE0557;202310132
M365NMCE0558;202310132
M365NMCE0559;202310132
M365NMCE0560;202310132
M365NMCE0561;202310132
M365NMCE0562;202310132
M365NMCE0563;202310132
M365NMCE0564;202310132
M365NMCE0565;202310132
M365NMCE0566;202310132
M365NMCE0567;202310132
M365NMCE0568;202310132
M365NMCE0569;202310132
M365NMCE0570;202310132
M365NMCE0571;202310132
M365NMCE0572;202310132
M365NMCE0573;202310132
M365NMCE0574;202310132
M365NMCE0575;202310132
M365NMCE0576;202310132
M365NMCE0577;202310132
M365NMCE0578;202310132
M365NMCE0579;202310132
M365NMCE0580;202310132
M365NMCE0581;202310132
M365NMCE0582;202310132
M365NMCE0583;202310132
M365NMCE0584;202310132
M365NMCE0585;202310132
M365NMCE0586;202310132
M365NMCE0587;202310132
M365NMCE0588;202310132
M365NMCE0589;202310132
M365NMCE0590;202310132
M365NMCE0591;202310132
M365NMCE0592;202310132
M365NMCE0593;202310132
M365NMCE0594;202310132
M365NMCE0595;202310132
M365NMCE0596;202310132
M365NMCE0597;202310132
M365NMCE0598;202310132
M365NMCE0599;202310132
M365NMCE0600;202310132
M365NMCE0601;202310132
M365NMCE0602;202310132
M365NMCE0603;202310132
M365NMCE0604;202310132
M365NMCE0605;202310132
M365NMCE0606;202310132
M365NMCE0607;202310132
M365NMCE0608;202310132
M365NMCE0609;202310132
M365NMCE0610;202310132
M365NMCE0611;202310132
M365NMCE0612;202310132
M365NMCE0613;202310132
M365NMCE0614;202310132
M365NMCE0615;202310132
M365NMCE0616;202310132
M365NMCE0617;202310132
M365NMCE0618;202310132
M365NMCE0619;202310132
M365NMCE0620;202310132
M365NMCE0621;202310132
M365NMCE0622;202310132
M365NMCE0623;202310132
M365NMCE0624;202310132
M365NMCE0625;202310132
M365NMCE0626;202310132
M365NMCE0627;202310132
M365NMCE0628;202310132
M365NMCE0629;202310132
M365NMCE0630;202310132
M365NMCE0631;202310132
M365NMCE0632;202310132
M365NMCE0633;202310132
M365NMCE0634;202310132
M365NMCE0635;202310132
M365NMCE0636;202310132
M365NMCE0637;202310132
M365NMCE0638;202310132
M365NMCE0639;202310132
M365NMCE0640;202310132
M365NMCE0641;202310132
M365NMCE0642;202310132
M365NMCE0643;202310132
M365NMCE0644;202310132
M365NMCE0645;202310132
M365NMCE0646;202310132
M365NMCE0647;202310132
M365NMCE0648;202310132
M365NMCE0649;202310132
M365NMCE0650;202310132
M365NMCE0651;202310132
M365NMCE0652;202310132
M365NMCE0653;202310132
M365NMCE0654;202310132
M365NMCE0655;202310132
M365NMCE0656;202310132
M365NMCE0657;202310132
M365NMCE0658;202310132
M365NMCE0659;202310132
M365NMCE0660;202310132
M365NMCE0661;202310132
M365NMCE0662;202310132
M365NMCE0663;202310132
M365NMCE0664;202310132
M365NMCE0665;202310132
M365NMCE0666;202310132
M365NMCE0667;202310132
M365NMCE0668;202310132
M365NMCE0669;202310132
M365NMCE0670;202310132
M365NMCE0671;202310132
M365NMCE0672;202310132
M365NMCE0673;202310132
M365NMCE0674;202310132
M365NMCE0675;202310132
M365NMCE0676;202310132
M365NMCE0677;202310132
M365NMCE0678;202310132
M365NMCE0679;202310132
M365NMCE0680;202310132
M365NMCE0681;202310132
M365NMCE0682;202310132
M365NMCE0683;202310132
M365NMCE0684;202310132
M365NMCE0685;202310132
M365NMCE0686;202310132
M365NMCE0687;202310132
M365NMCE0688;202310132
M365NMCE0689;202310132
M365NMCE0690;202310132
M365NMCE0691;202310132
M365NMCE0692;202310132
M365NMCE0693;202310132
M365NMCE0694;202310132
M365NMCE0695;202310132
M365NMCE0696;202310132
M365NMCE0697;202310132
M365NMCE0698;202310132
M365NMCE0699;202310132
M365NMCE0700;202310132
M365NMCE0701;202310132
M365NMCE0702;202310132
M365NMCE0703;202310132
M365NMCE0704;202310132
M365NMCE0705;202310132
M365NMCE0706;202310132
M365NMCE0707;202310132
M365NMCE0708;202310132
M365NMCE0709;202310132
M365NMCE0710;202310132
M365NMCE0711;202310132
M365NMCE0712;202310132
M365NMCE0713;202310132
M365NMCE0714;202310132
M365NMCE0715;202310132
M365NMCE0716;202310132
M365NMCE0717;202310132
M365NMCE0718;202310132
M365NMCE0719;202310132
M365NMCE0720;202310132
M365NMCE0721;202310132
M365NMCE0722;202310132
M365NMCE0723;202310132
M365NMCE0724;202310132
M365NMCE0725;202310132
M365NMCE0726;202310132
M365NMCE0727;202310132
M365NMCE0728;202310132
M365NMCE0729;202310132
M365NMCE0730;202310132
M365NMCE0731;202310132
M365NMCE0732;202310132
M365NMCE0733;202310132
M365NMCE0734;202310132
M365NMCE0735;202310132
M365NMCE0736;202310132
M365NMCE0737;202310132
M365NMCE0738;202310132
M365NMCE0739;202310132
M365NMCE0740;202310132
M365NMCE0741;202310132
M365NMCE0742;202310132
M365NMCE0743;202310132
M365NMCE0744;202310132
M365NMCE0745;202310132
M365NMCE0746;202310132
M365NMCE0747;202310132
M365NMCE0748;202310132
M365NMCE0749;202310132
M365NMCE0750;202310132
M365NMCE0751;202310132
M365NMCE0752;202310132
M365NMCE0753;202310132
M365NMCE0754;202310132
M365NMCE0755;202310132
M365NMCE0756;202310132
M365NMCE0757;202310132
M365NMCE0758;202310132
M365NMCE0759;202310132
M365NMCE0760;202310132
M365NMCE0761;202310132
M365NMCE0762;202310132
M365NMCE0763;202310132
M365NMCE0764;202310132
M365NMCE0765;202310132
M365NMCE0766;202310132
M365NMCE0767;202310132
M365NMCE0768;202310132
M365NMCE0769;202310132
M365NMCE0770;202310132
M365NMCE0771;202310132
M365NMCE0772;202310132
M365NMCE0773;202310132
M365NMCE0774;202310132
M365NMCE0775;202310132
M365NMCE0776;202310132
M365NMCE0777;202310132
M365NMCE0778;202310132
M365NMCE0779;202310132
M365NMCE0780;202310132
M365NMCE0781;202310132
M365NMCE0782;202310132
M365NMCE0783;202310132
M365NMCE0784;202310132
M365NMCE0785;202310132
M365NMCE0786;202310132
M365NMCE0787;202310132
M365NMCE0788;202310132
M365NMCE0789;202310132
M365NMCE0790;202310132
M365NMCE0791;202310132
M365NMCE0792;202310132
M365NMCE0793;202310132
M365NMCE0794;202310132
M365NMCE0795;202310132
M365NMCE0796;202310132
M365NMCE0797;202310132
M365NMCE0798;202310132
M365NMCE0799;202310132
M365NMCE0800;202310132
M365NMCE0801;202310132
M365NMCE0802;202310132
M365NMCE0803;202310132
M365NMCE0804;202310132
M365NMCE0805;202310132
M365NMCE0806;202310132
M365NMCE0807;202310132
M365NMCE0808;202310132
M365NMCE0809;202310132
M365NMCE0810;202310132
M365NMCE0811;202310132
M365NMCE0812;202310132
M365NMCE0813;202310132
M365NMCE0814;202310132
M365NMCE0815;202310132
M365NMCE0816;202310132
M365NMCE0817;202310132
M365NMCE0818;202310132
M365NMCE0819;202310132
M365NMCE0820;202310132
M365NMCE0821;202310132
M365NMCE0822;202310132
M365NMCE0823;202310132
M365NMCE0824;202310132
M365NMCE0825;202310132
M365NMCE0826;202310132
M365NMCE0827;202310132
M365NMCE0828;202310132
M365NMCE0871;202310132
M365NMCE0872;202310132
M365NMCE0874;202310132
M365NMCE0875;202310132
M365NMCE0876;202310132
M365NMCE0037;202310133
M365NMCE0038;202310133
M365NMCE0039;202310133
M365NMCE0040;202310133
M365NMCE0041;202310133
M365NMCE0042;202310133
M365NMCE0043;202310133
M365NMCE0044;202310133
M365NMCE0045;202310133
M365NMCE0046;202310133
M365NMCE0047;202310133
M365NMCE0048;202310133
M365NMCE0049;202310133
M365NMCE0050;202310133
M365NMCE0051;202310133
M365NMCE0052;202310133
M365NMCE0053;202310133
M365NMCE0054;202310133
M365NMCE0055;202310133
M365NMCE0056;202310133
M365NMCE0057;202310133
M365NMCE0058;202310133
M365NMCE0059;202310133
M365NMCE0060;202310133
M365NMCE0061;202310133
M365NMCE0062;202310133
M365NMCE0063;202310133
M365NMCE0064;202310133
M365NMCE0065;202310133
M365NMCE0066;202310133
M365NMCE0067;202310133
M365NMCE0068;202310133
M365NMCE0069;202310133
M365NMCE0070;202310133
M365NMCE0071;202310133
M365NMCE0072;202310133
M365NMCE0073;202310133
M365NMCE0074;202310133
M365NMCE0075;202310133
M365NMCE0076;202310133
M365NMCE0077;202310133
M365NMCE0078;202310133
M365NMCE0079;202310133
M365NMCE0080;202310133
M365NMCE0081;202310133
M365NMCE0082;202310133
M365NMCE0083;202310133
M365NMCE0084;202310133
M365NMCE0085;202310133
M365NMCE0086;202310133
M365NMCE0087;202310133
M365NMCE0088;202310133
M365NMCE0089;202310133
M365NMCE0090;202310133
M365NMCE0091;202310133
M365NMCE0092;202310133
M365NMCE0109;202310133
M365NMCE0110;202310133
M365NMCE0111;202310133
M365NMCE0112;202310133
M365NMCE0113;202310133
M365NMCE0114;202310133
M365NMCE0115;202310133
M365NMCE0116;202310133
M365NMCE0117;202310133
M365NMCE0118;202310133
M365NMCE0119;202310133
M365NMCE0120;202310133
M365NMCE0121;202310133
M365NMCE0122;202310133
M365NMCE0123;202310133
M365NMCE0124;202310133
M365NMCE0141;202310133
M365NMCE0142;202310133
M365NMCE0143;202310133
M365NMCE0144;202310133
M365NMCE0145;202310133
M365NMCE0146;202310133
M365NMCE0147;202310133
M365NMCE0148;202310133
M365NMCE0157;202310133
M365NMCE0158;202310133
M365NMCE0159;202310133
M365NMCE0160;202310133
M365NMCE0161;202310133
M365NMCE0162;202310133
M365NMCE0163;202310133
M365NMCE0164;202310133
M365NMCE0165;202310133
M365NMCE0166;202310133
M365NMCE0167;202310133
M365NMCE0168;202310133
M365NMCE0169;202310133
M365NMCE0170;202310133
M365NMCE0171;202310133
M365NMCE0172;202310133
M365NMCE0189;202310133
M365NMCE0190;202310133
M365NMCE0191;202310133
M365NMCE0192;202310133
M365NMCE0193;202310133
M365NMCE0194;202310133
M365NMCE0195;202310133
M365NMCE0196;202310133
M365NMCE0197;202310133
M365NMCE0198;202310133
M365NMCE0199;202310133
M365NMCE0200;202310133
M365NMCE0201;202310133
M365NMCE0202;202310133
M365NMCE0203;202310133
M365NMCE0204;202310133
M365NMCE0205;202310133
M365NMCE0206;202310133
M365NMCE0207;202310133
M365NMCE0208;202310133
M365NMCE0209;202310133
M365NMCE0210;202310133
M365NMCE0211;202310133
M365NMCE0212;202310133
M365NMCE0213;202310133
M365NMCE0214;202310133
M365NMCE0215;202310133
M365NMCE0216;202310133
M365NMCE0217;202310133
M365NMCE0218;202310133
M365NMCE0219;202310133
M365NMCE0220;202310133
M365NMCE0221;202310133
M365NMCE0222;202310133
M365NMCE0223;202310133
M365NMCE0224;202310133
M365NMCE0225;202310133
M365NMCE0226;202310133
M365NMCE0227;202310133
M365NMCE0228;202310133
M365NMCE0229;202310133
M365NMCE0230;202310133
M365NMCE0231;202310133
M365NMCE0232;202310133
M365NMCE0233;202310133
M365NMCE0234;202310133
M365NMCE0235;202310133
M365NMCE0236;202310133
M365NMCE0237;202310133
M365NMCE0238;202310133
M365NMCE0239;202310133
M365NMCE0240;202310133
M365NMCE0241;202310133
M365NMCE0242;202310133
M365NMCE0243;202310133
M365NMCE0244;202310133
M365NMCE0245;202310133
M365NMCE0246;202310133
M365NMCE0247;202310133
M365NMCE0248;202310133
M365NMCE0249;202310133
M365NMCE0250;202310133
M365NMCE0251;202310133
M365NMCE0252;202310133
M365NMCE0253;202310133
M365NMCE0254;202310133
M365NMCE0255;202310133
M365NMCE0256;202310133
M365NMCE0257;202310133
M365NMCE0258;202310133
M365NMCE0259;202310133
M365NMCE0260;202310133
M365NMCE0261;202310133
M365NMCE0262;202310133
M365NMCE0263;202310133
M365NMCE0264;202310133
M365NMCE0265;202310133
M365NMCE0266;202310133
M365NMCE0267;202310133
M365NMCE0268;202310133
M365NMCE0269;202310133
M365NMCE0270;202310133
M365NMCE0271;202310133
M365NMCE0272;202310133
M365NMCE0273;202310133
M365NMCE0274;202310133
M365NMCE0275;202310133
M365NMCE0276;202310133
M365NMCE0277;202310133
M365NMCE0278;202310133
M365NMCE0279;202310133
M365NMCE0280;202310133
M365NMCE0281;202310133
M365NMCE0282;202310133
M365NMCE0283;202310133
M365NMCE0284;202310133
M365NMCE0285;202310133
M365NMCE0286;202310133
M365NMCE0287;202310133
M365NMCE0288;202310133
M365NMCE0289;202310133
M365NMCE0290;202310133
M365NMCE0291;202310133
M365NMCE0292;202310133
M365NMCE0293;202310133
M365NMCE0294;202310133
M365NMCE0295;202310133
M365NMCE0296;202310133
M365NMCE0297;202310133
M365NMCE0298;202310133
M365NMCE0299;202310133
M365NMCE0300;202310133
M365NMCE0301;202310133
M365NMCE0302;202310133
M365NMCE0303;202310133
M365NMCE0304;202310133
M365NMCE0305;202310133
M365NMCE0306;202310133
M365NMCE0307;202310133
M365NMCE0308;202310133
M365NMCE0309;202310133
M365NMCE0310;202310133
M365NMCE0311;202310133
M365NMCE0312;202310133
M365NMCE0313;202310133
M365NMCE0314;202310133
M365NMCE0315;202310133
M365NMCE0316;202310133
M365NMCE0317;202310133
M365NMCE0318;202310133
M365NMCE0319;202310133
M365NMCE0320;202310133
M365NMCE0321;202310133
M365NMCE0322;202310133
M365NMCE0323;202310133
M365NMCE0324;202310133
M365NMCE0325;202310133
M365NMCE0326;202310133
M365NMCE0327;202310133
M365NMCE0328;202310133
M365NMCE0329;202310133
M365NMCE0330;202310133
M365NMCE0331;202310133
M365NMCE0332;202310133
M365NMCE0333;202310133
M365NMCE0334;202310133
M365NMCE0335;202310133
M365NMCE0336;202310133
M365NMCE0337;202310133
M365NMCE0338;202310133
M365NMCE0339;202310133
M365NMCE0340;202310133
M365NMCE0341;202310133
M365NMCE0342;202310133
M365NMCE0343;202310133
M365NMCE0344;202310133
M365NMCE0345;202310133
M365NMCE0346;202310133
M365NMCE0347;202310133
M365NMCE0348;202310133
M365NMCE0093;202310134
M365NMCE0094;202310134
M365NMCE0095;202310134
M365NMCE0096;202310134
M365NMCE0097;202310134
M365NMCE0098;202310134
M365NMCE0099;202310134
M365NMCE0100;202310134
M365NMCE0125;202310134
M365NMCE0126;202310134
M365NMCE0127;202310134
M365NMCE0128;202310134
M365NMCE0129;202310134
M365NMCE0130;202310134
M365NMCE0131;202310134
M365NMCE0132;202310134
M365NMCE0150;202310134
M365NMCE0151;202310134
M365NMCE0152;202310134
M365NMCE0153;202310134
M365NMCE0154;202310134
M365NMCE0155;202310134
M365NMCE0156;202310134
M365NMCE0829;202310134
M365NMCE0830;202310134
M365NMCE0831;202310134
M365NMCE0832;202310134
M365NMCE0833;202310134
M365NMCE0834;202310134
M365NMCE0835;202310134
M365NMCE0836;202310134
M365NMCE0837;202310134
M365NMCE0838;202310134
M365NMCE0839;202310134
M365NMCE0840;202310134
M365NMCE0841;202310134
M365NMCE0842;202310134
M365NMCE0843;202310134
M365NMCE0844;202310134
M365NMCE0845;202310134
M365NMCE0846;202310134
M365NMCE0847;202310134
M365NMCE0848;202310134
M365NMCE0849;202310134
M365NMCE0850;202310134
M365NMCE0851;202310134
M365NMCE0852;202310134
M365NMCE0853;202310134
M365NMCE0854;202310134
M365NMCE0855;202310134
M365NMCE0856;202310134
M365NMCE0857;202310134
M365NMCE0858;202310134
M365NMCE0859;202310134
M365NMCE0860;202310134
M365NMCE0861;202310135
M365NMCE0862;202310135
M365NMCE0863;202310135
M365NMCE0864;202310135
M365NMCE0865;202310135
M365NMCE0866;202310135
M365NMCE0867;202310135
M365NMCE0868;202310135
M365NMCE0869;202310135
M365NMCE0870;202310135
M365NMCE0873;202310135
M365NMCE0877;202310135
M365NMCE0878;202310135
M365NMCE0879;202310135
M365NMCE0880;202310135
M365NMCE0881;202310135
M365NMCE0882;202310135
M365NMCE0883;202310135
M365NMCE0884;202310135
M365NMCE0885;202310135
M365NMCE0886;202310135
M365NMCE0887;202310135
M365NMCE0888;202310135
M365NMCE0889;202310135
M365NMCE0890;202310135
M365NMCE0891;202310135
M365NMCE0892;202310135
M365NMCE0893;202310135
M365NMCE0894;202310135
M365NMCE0895;202310135
M365NMCE0896;202310135
M365NMCE0897;202310135
M365NMCE0898;202310135
M365NMCE0899;202310135
M365NMCE0900;202310135
M365NMCE0901;202310135
M365NMCE0902;202310135
M365NMCE0903;202310135
M365NMCE0904;202310135
M365NMCE0905;202310135
M365NMCE0906;202310135
M365NMCE0907;202310135
M365NMCE0908;202310135
